[
  {
    "ProductKey": 310,
    "EnglishProductName": "Road-150 Red, 62",
    "ListPrice": 3578.27,
    "SalesAmount": 3578.27
  },
  {
    "ProductKey": 346,
    "EnglishProductName": "Mountain-100 Silver, 44",
    "ListPrice": 3399.99,
    "SalesAmount": 3399.99
  },
  {
    "ProductKey": 346,
    "EnglishProductName": "Mountain-100 Silver, 44",
    "ListPrice": 3399.99,
    "SalesAmount": 3399.99
  },
  {
    "ProductKey": 336,
    "EnglishProductName": "Road-650 Black, 62",
    "ListPrice": 699.0982,
    "SalesAmount": 699.0982
  },
  {
    "ProductKey": 346,
    "EnglishProductName": "Mountain-100 Silver, 44",
    "ListPrice": 3399.99,
    "SalesAmount": 3399.99
  },
  {
    "ProductKey": 311,
    "EnglishProductName": "Road-150 Red, 44",
    "ListPrice": 3578.27,
    "SalesAmount": 3578.27
  },
  {
    "ProductKey": 310,
    "EnglishProductName": "Road-150 Red, 62",
    "ListPrice": 3578.27,
    "SalesAmount": 3578.27
  },
  {
    "ProductKey": 351,
    "EnglishProductName": "Mountain-100 Black, 48",
    "ListPrice": 3374.99,
    "SalesAmount": 3374.99
  },
  {
    "ProductKey": 344,
    "EnglishProductName": "Mountain-100 Silver, 38",
    "ListPrice": 3399.99,
    "SalesAmount": 3399.99
  },
  {
    "ProductKey": 312,
    "EnglishProductName": "Road-150 Red, 48",
    "ListPrice": 3578.27,
    "SalesAmount": 3578.27
  },
  {
    "ProductKey": 312,
    "EnglishProductName": "Road-150 Red, 48",
    "ListPrice": 3578.27,
    "SalesAmount": 3578.27
  },
  {
    "ProductKey": 330,
    "EnglishProductName": "Road-650 Red, 52",
    "ListPrice": 699.0982,
    "SalesAmount": 699.0982
  },
  {
    "ProductKey": 313,
    "EnglishProductName": "Road-150 Red, 52",
    "ListPrice": 3578.27,
    "SalesAmount": 3578.27
  },
  {
    "ProductKey": 314,
    "EnglishProductName": "Road-150 Red, 56",
    "ListPrice": 3578.27,
    "SalesAmount": 3578.27
  },
  {
    "ProductKey": 314,
    "EnglishProductName": "Road-150 Red, 56",
    "ListPrice": 3578.27,
    "SalesAmount": 3578.27
  },
  {
    "ProductKey": 311,
    "EnglishProductName": "Road-150 Red, 44",
    "ListPrice": 3578.27,
    "SalesAmount": 3578.27
  },
  {
    "ProductKey": 310,
    "EnglishProductName": "Road-150 Red, 62",
    "ListPrice": 3578.27,
    "SalesAmount": 3578.27
  },
  {
    "ProductKey": 311,
    "EnglishProductName": "Road-150 Red, 44",
    "ListPrice": 3578.27,
    "SalesAmount": 3578.27
  },
  {
    "ProductKey": 314,
    "EnglishProductName": "Road-150 Red, 56",
    "ListPrice": 3578.27,
    "SalesAmount": 3578.27
  }
]