{
    "now": "2025-06-06T08:22:43.286Z",
    "perfNow": 11820449.299999952,
    "diagnosticCorrelation": "b30b4685-0d3e-4b84-8f5d-7727fd726026",
    "source": "DownloadSupportFiles",
    "environment": {
        "productName": "adf",
        "buildVersion": "1.0.060325.13",
        "environmentType": 3,
        "resourceName": "mytrainingadfdev",
        "resourceRegion": "westus2",
        "resourceGroup": "RG-training2025",
        "subscriptionId": "cf6d6785-4be7-42e0-ad46-bea6d6d08ff3",
        "sessionId": "x+gj4n2xQZ55g6jrfsGHr6",
        "operationId": "",
        "gitType": "live",
        "loggingKey": "53ecb30f-6b62-46f1-9500-c57213bcd8fb"
    },
    "additionalInfo": {
        "selectedResource": "003-IncrementalLoad-MultipleTablesADLStoSQLdb",
        "selectedResourceType": "pipeline"
    }
}