{
    "name": "DS_GetMetadataFile",
    "properties": {
        "linkedServiceName": {
            "referenceName": "LS_ADLS",
            "type": "LinkedServiceReference"
        },
        "parameters": {
            "folderpath": {
                "type": "string"
            },
            "filename": {
                "type": "string"
            }
        },
        "annotations": [],
        "type": "DelimitedText",
        "typeProperties": {
            "location": {
                "type": "AzureBlobFSLocation",
                "fileName": {
                    "value": "@dataset().filename",
                    "type": "Expression"
                },
                "folderPath": {
                    "value": "@dataset().folderpath",
                    "type": "Expression"
                },
                "fileSystem": "mycontainer"
            },
            "columnDelimiter": ",",
            "escapeChar": "\\",
            "firstRowAsHeader": true,
            "quoteChar": "\""
        },
        "schema": [
            {
                "name": "DATE",
                "type": "String"
            },
            {
                "name": "COUNTRY",
                "type": "String"
            },
            {
                "name": "PRODUCT",
                "type": "String"
            },
            {
                "name": "SALES",
                "type": "String"
            }
        ]
    },
    "type": "Microsoft.DataFactory/factories/datasets"
}