{
    "name": "DS_SQL_Sink_Inc",
    "properties": {
        "linkedServiceName": {
            "referenceName": "LS_ASQL",
            "type": "LinkedServiceReference"
        },
        "parameters": {
            "tablename": {
                "type": "string"
            }
        },
        "annotations": [],
        "type": "AzureSqlTable",
        "schema": [],
        "typeProperties": {
            "schema": {
                "value": "@split(dataset().tablename,'.')[0]",
                "type": "Expression"
            },
            "table": {
                "value": "@split(dataset().tablename,'.')[1]",
                "type": "Expression"
            }
        }
    },
    "type": "Microsoft.DataFactory/factories/datasets"
}