DATE,COUNTRY,PRODUCT,SALES
01-01-2023,UK,TV,646
01-01-2023,UK,PHONE,241
02-01-2023,US,TV,266
02-01-2023,INDIA,IPHONE,877
02-01-2023,GERMANY,IPHONE,220
02-01-2023,GERMANY,SPEAKERS,336
02-01-2023,GERMANY,PHONE,469
02-01-2023,INDIA,TV,913
02-01-2023,US,SPEAKERS,571
03-01-2023,GERMANY,SPEAKERS,525
03-01-2023,US,IPHONE,847
03-01-2023,US,IPHONE,606
04-01-2023,UK,IPHONE,305
04-01-2023,INDIA,SPEAKERS,200
04-01-2023,INDIA,SPEAKERS,736
05-01-2023,GERMANY,TV,137
05-01-2023,GERMANY,PHONE,432
05-01-2023,GERMANY,TV,954
05-01-2023,INDIA,TAB,221
05-01-2023,INDIA,IPHONE,848
05-01-2023,UK,TV,298
06-01-2023,US,IPHONE,558
06-01-2023,GERMANY,PHONE,933
06-01-2023,INDIA,TV,86
06-01-2023,US,PHONE,295
06-01-2023,UK,PHONE,333
06-01-2023,UK,TV,887
07-01-2023,UK,TV,552
07-01-2023,US,SPEAKERS,478
07-01-2023,UK,PHONE,959
08-01-2023,US,TV,727
09-01-2023,INDIA,TAB,197
12-01-2023,UK,TV,2
12-01-2023,INDIA,IPHONE,853
12-01-2023,UK,TV,852
13-01-2023,US,PHONE,53
13-01-2023,INDIA,IPHONE,715
14-01-2023,GERMANY,PHONE,539
14-01-2023,UK,TAB,470
15-01-2023,INDIA,PHONE,618
16-01-2023,US,SPEAKERS,219
16-01-2023,US,TV,854
16-01-2023,US,TAB,262
17-01-2023,UK,TV,240
18-01-2023,INDIA,PHONE,265
18-01-2023,INDIA,PHONE,376
18-01-2023,GERMANY,TV,29
19-01-2023,GERMANY,SPEAKERS,447
19-01-2023,INDIA,IPHONE,224
20-01-2023,UK,TAB,790
20-01-2023,US,PHONE,76
20-01-2023,INDIA,PHONE,429
21-01-2023,GERMANY,TAB,835
22-01-2023,INDIA,TV,210
22-01-2023,GERMANY,TAB,133
22-01-2023,US,SPEAKERS,271
23-01-2023,US,TV,580
23-01-2023,INDIA,TV,274
23-01-2023,INDIA,SPEAKERS,880
24-01-2023,INDIA,PHONE,100
24-01-2023,US,TAB,128
25-01-2023,UK,PHONE,249
25-01-2023,US,IPHONE,319
25-01-2023,UK,TAB,301
25-01-2023,US,PHONE,995
25-01-2023,UK,SPEAKERS,151
25-01-2023,INDIA,IPHONE,141
25-01-2023,INDIA,PHONE,383
26-01-2023,US,PHONE,542
26-01-2023,US,IPHONE,641
26-01-2023,US,TAB,890
27-01-2023,US,TAB,711
27-01-2023,UK,TAB,836
27-01-2023,UK,SPEAKERS,283
27-01-2023,INDIA,SPEAKERS,552
28-01-2023,INDIA,TV,309
28-01-2023,US,IPHONE,197
28-01-2023,US,TV,1000
29-01-2023,GERMANY,SPEAKERS,331
29-01-2023,UK,PHONE,854
30-01-2023,INDIA,PHONE,1200
30-01-2023,US,TAB,447
30-01-2023,INDIA,TAB,981
30-01-2023,US,SPEAKERS,952
31-01-2023,GERMANY,PHONE,182
31-01-2023,INDIA,TV,158
31-01-2023,GERMANY,TV,97
01-02-2023,GERMANY,SPEAKERS,286
01-02-2023,INDIA,SPEAKERS,175
02-02-2023,US,IPHONE,270
02-02-2023,US,PHONE,810
02-02-2023,US,IPHONE,147
02-02-2023,US,PHONE,746
02-02-2023,UK,SPEAKERS,568
02-02-2023,US,IPHONE,112
03-02-2023,UK,SPEAKERS,454
04-02-2023,INDIA,PHONE,496
05-02-2023,INDIA,SPEAKERS,187
05-02-2023,GERMANY,PHONE,23
05-02-2023,GERMANY,PHONE,395
05-02-2023,GERMANY,TAB,14
06-02-2023,GERMANY,TV,149
06-02-2023,GERMANY,TAB,975
06-02-2023,US,PHONE,215
06-02-2023,GERMANY,TAB,157
07-02-2023,US,PHONE,643
07-02-2023,UK,IPHONE,823
08-02-2023,GERMANY,TAB,524
08-02-2023,GERMANY,IPHONE,158
08-02-2023,US,SPEAKERS,144
09-02-2023,GERMANY,TAB,534
09-02-2023,US,TV,345
09-02-2023,INDIA,TAB,590
09-02-2023,GERMANY,SPEAKERS,841
09-02-2023,GERMANY,PHONE,551
10-02-2023,INDIA,SPEAKERS,227
10-02-2023,UK,IPHONE,377
10-02-2023,GERMANY,TAB,27
10-02-2023,INDIA,PHONE,930
10-02-2023,GERMANY,TAB,576
11-02-2023,GERMANY,TAB,19
11-02-2023,US,TV,156
11-02-2023,INDIA,SPEAKERS,279
11-02-2023,UK,IPHONE,643
11-02-2023,US,TAB,208
12-02-2023,US,TV,842
13-02-2023,UK,PHONE,692
13-02-2023,UK,SPEAKERS,422
13-02-2023,US,PHONE,525
13-02-2023,INDIA,TV,629
14-02-2023,INDIA,SPEAKERS,162
14-02-2023,GERMANY,PHONE,827
15-02-2023,UK,TAB,447
15-02-2023,UK,IPHONE,43
15-02-2023,US,SPEAKERS,418
15-02-2023,UK,SPEAKERS,221
15-02-2023,INDIA,PHONE,260
16-02-2023,US,TV,559
16-02-2023,INDIA,IPHONE,62
16-02-2023,INDIA,PHONE,503
16-02-2023,US,SPEAKERS,926
17-02-2023,UK,TAB,993
17-02-2023,UK,TAB,331
17-02-2023,INDIA,TV,187
18-02-2023,US,TAB,110
19-02-2023,UK,TAB,861
19-02-2023,GERMANY,TAB,900
19-02-2023,INDIA,PHONE,916
19-02-2023,INDIA,IPHONE,270
20-02-2023,UK,IPHONE,794
20-02-2023,INDIA,TAB,261
20-02-2023,UK,PHONE,185
20-02-2023,GERMANY,TAB,998
21-02-2023,INDIA,TV,325
22-02-2023,INDIA,PHONE,230
22-02-2023,GERMANY,TAB,576
22-02-2023,INDIA,SPEAKERS,730
22-02-2023,UK,SPEAKERS,655
23-02-2023,GERMANY,PHONE,770
23-02-2023,UK,TV,10
24-02-2023,GERMANY,PHONE,148
24-02-2023,US,TV,162
24-02-2023,UK,PHONE,896
24-02-2023,INDIA,TV,583
24-02-2023,INDIA,IPHONE,175
25-02-2023,UK,IPHONE,452
25-02-2023,US,IPHONE,587
25-02-2023,INDIA,SPEAKERS,108
26-02-2023,UK,TV,982
26-02-2023,US,PHONE,602
26-02-2023,UK,PHONE,464
27-02-2023,GERMANY,IPHONE,245
28-02-2023,US,PHONE,63
28-02-2023,INDIA,PHONE,12
28-02-2023,UK,IPHONE,83
28-02-2023,GERMANY,IPHONE,915
28-02-2023,GERMANY,IPHONE,103
28-02-2023,US,IPHONE,805
28-02-2023,GERMANY,IPHONE,996
28-02-2023,UK,PHONE,367
01-03-2023,UK,SPEAKERS,467
01-03-2023,GERMANY,SPEAKERS,654
01-03-2023,UK,PHONE,787
02-03-2023,GERMANY,SPEAKERS,8
02-03-2023,INDIA,PHONE,267
03-03-2023,US,TV,172
03-03-2023,GERMANY,TAB,748
03-03-2023,GERMANY,PHONE,343
04-03-2023,INDIA,TV,827
04-03-2023,INDIA,PHONE,485
05-03-2023,US,TV,574
05-03-2023,INDIA,PHONE,925
05-03-2023,US,TAB,280
06-03-2023,UK,IPHONE,125
06-03-2023,GERMANY,TAB,884
06-03-2023,INDIA,TV,246
06-03-2023,INDIA,TAB,230
07-03-2023,US,PHONE,823
07-03-2023,INDIA,IPHONE,223
07-03-2023,INDIA,IPHONE,343
07-03-2023,US,TAB,850
07-03-2023,UK,TV,938
07-03-2023,US,PHONE,516
07-03-2023,UK,TAB,969
08-03-2023,GERMANY,TV,992
08-03-2023,GERMANY,IPHONE,53
08-03-2023,GERMANY,TAB,573
09-03-2023,UK,TAB,167
10-03-2023,UK,SPEAKERS,641
10-03-2023,US,TV,837
11-03-2023,INDIA,IPHONE,364
11-03-2023,UK,SPEAKERS,55
11-03-2023,INDIA,TAB,490
11-03-2023,UK,TV,924
12-03-2023,US,TAB,850
12-03-2023,US,TV,1748
12-03-2023,US,IPHONE,286
12-03-2023,UK,SPEAKERS,303
12-03-2023,UK,PHONE,773
13-03-2023,INDIA,IPHONE,952
13-03-2023,UK,TAB,260
13-03-2023,GERMANY,TAB,514
14-03-2023,UK,IPHONE,602
15-03-2023,INDIA,TV,81
15-03-2023,UK,PHONE,941
15-03-2023,US,SPEAKERS,491
15-03-2023,INDIA,TV,135
16-03-2023,INDIA,TV,391
16-03-2023,US,SPEAKERS,540
18-03-2023,GERMANY,IPHONE,459
18-03-2023,US,PHONE,169
18-03-2023,UK,TV,492
18-03-2023,INDIA,IPHONE,799
19-03-2023,GERMANY,TV,385
19-03-2023,GERMANY,SPEAKERS,269
19-03-2023,US,PHONE,898
19-03-2023,US,SPEAKERS,315
20-03-2023,US,TV,838
20-03-2023,UK,TAB,493
21-03-2023,INDIA,PHONE,426
21-03-2023,INDIA,IPHONE,486
21-03-2023,UK,IPHONE,199
23-03-2023,INDIA,SPEAKERS,228
23-03-2023,US,PHONE,918
23-03-2023,US,IPHONE,632
23-03-2023,INDIA,PHONE,887
24-03-2023,GERMANY,TAB,877
24-03-2023,US,PHONE,725
24-03-2023,GERMANY,PHONE,667
25-03-2023,GERMANY,TV,8
25-03-2023,US,SPEAKERS,509
25-03-2023,UK,SPEAKERS,713
25-03-2023,UK,IPHONE,490
26-03-2023,UK,TAB,840
26-03-2023,INDIA,TAB,903
26-03-2023,INDIA,IPHONE,684
26-03-2023,US,TV,210
27-03-2023,GERMANY,TV,19
27-03-2023,UK,SPEAKERS,658
28-03-2023,UK,IPHONE,376
28-03-2023,GERMANY,PHONE,962
28-03-2023,US,PHONE,40
28-03-2023,UK,SPEAKERS,79
28-03-2023,INDIA,TAB,491
29-03-2023,GERMANY,PHONE,303
29-03-2023,US,TAB,592
30-03-2023,INDIA,PHONE,47
30-03-2023,GERMANY,PHONE,423
30-03-2023,US,TAB,282
30-03-2023,UK,SPEAKERS,837
30-03-2023,UK,IPHONE,1239
31-03-2023,INDIA,IPHONE,407
31-03-2023,GERMANY,TV,333
02-04-2023,INDIA,IPHONE,766
02-04-2023,INDIA,PHONE,297
02-04-2023,GERMANY,IPHONE,972
02-04-2023,GERMANY,TV,604
02-04-2023,GERMANY,SPEAKERS,503
02-04-2023,UK,TAB,555
02-04-2023,INDIA,PHONE,651
02-04-2023,UK,SPEAKERS,406
03-04-2023,US,PHONE,521
04-04-2023,INDIA,TAB,144
04-04-2023,INDIA,IPHONE,969
05-04-2023,GERMANY,IPHONE,405
06-04-2023,UK,TV,853
06-04-2023,GERMANY,SPEAKERS,964
06-04-2023,INDIA,PHONE,394
06-04-2023,US,PHONE,647
07-04-2023,GERMANY,TAB,654
08-04-2023,GERMANY,SPEAKERS,122
08-04-2023,UK,IPHONE,779
09-04-2023,UK,PHONE,804
10-04-2023,UK,PHONE,748
10-04-2023,UK,TV,433
10-04-2023,INDIA,SPEAKERS,312
11-04-2023,UK,TV,964
11-04-2023,US,SPEAKERS,418
11-04-2023,INDIA,SPEAKERS,187
12-04-2023,GERMANY,TAB,789
12-04-2023,UK,IPHONE,741
12-04-2023,UK,TV,707
13-04-2023,INDIA,TV,247
13-04-2023,UK,SPEAKERS,920
13-04-2023,GERMANY,IPHONE,36
13-04-2023,INDIA,PHONE,242
14-04-2023,INDIA,IPHONE,726
14-04-2023,US,SPEAKERS,820
14-04-2023,GERMANY,PHONE,47
15-04-2023,GERMANY,TV,831
15-04-2023,INDIA,TV,314
15-04-2023,GERMANY,TAB,269
15-04-2023,INDIA,TAB,127
15-04-2023,UK,SPEAKERS,287
16-04-2023,GERMANY,TV,163
16-04-2023,INDIA,TAB,383
16-04-2023,UK,TAB,402
17-04-2023,GERMANY,TAB,946
17-04-2023,US,SPEAKERS,551
17-04-2023,UK,SPEAKERS,673
18-04-2023,INDIA,PHONE,728
18-04-2023,GERMANY,PHONE,306
19-04-2023,INDIA,TV,536
19-04-2023,UK,TAB,501
19-04-2023,US,TAB,434
19-04-2023,INDIA,PHONE,470
19-04-2023,UK,TAB,125
20-04-2023,US,IPHONE,592
20-04-2023,GERMANY,TV,103
20-04-2023,GERMANY,TAB,619
20-04-2023,UK,PHONE,862
21-04-2023,US,IPHONE,942
21-04-2023,INDIA,SPEAKERS,706
23-04-2023,UK,PHONE,922
23-04-2023,US,TV,451
24-04-2023,US,SPEAKERS,764
24-04-2023,INDIA,TAB,653
24-04-2023,INDIA,TV,811
25-04-2023,GERMANY,SPEAKERS,448
25-04-2023,US,SPEAKERS,503
25-04-2023,UK,SPEAKERS,710
25-04-2023,US,PHONE,838
25-04-2023,US,TAB,535
26-04-2023,INDIA,SPEAKERS,87
26-04-2023,GERMANY,PHONE,250
26-04-2023,INDIA,TV,9
27-04-2023,INDIA,IPHONE,145
28-04-2023,UK,SPEAKERS,469
28-04-2023,UK,IPHONE,145
28-04-2023,GERMANY,IPHONE,533
28-04-2023,GERMANY,TAB,754
29-04-2023,GERMANY,TV,804
29-04-2023,INDIA,PHONE,698
29-04-2023,INDIA,IPHONE,573
30-04-2023,US,PHONE,279
30-04-2023,INDIA,SPEAKERS,877
01-05-2023,INDIA,PHONE,437
01-05-2023,US,PHONE,813
01-05-2023,UK,PHONE,551
01-05-2023,INDIA,TV,871
02-05-2023,INDIA,TAB,915
02-05-2023,US,SPEAKERS,537
02-05-2023,US,IPHONE,71
03-05-2023,INDIA,TAB,963
03-05-2023,UK,SPEAKERS,978
04-05-2023,GERMANY,PHONE,146
04-05-2023,UK,PHONE,621
05-05-2023,UK,PHONE,429
05-05-2023,UK,TV,25
05-05-2023,UK,IPHONE,865
05-05-2023,INDIA,TAB,398
05-05-2023,US,IPHONE,86
05-05-2023,UK,SPEAKERS,619
05-05-2023,GERMANY,TV,702
06-05-2023,UK,SPEAKERS,79
06-05-2023,UK,TAB,83
06-05-2023,GERMANY,TAB,926
06-05-2023,GERMANY,SPEAKERS,486
06-05-2023,GERMANY,IPHONE,233
06-05-2023,GERMANY,SPEAKERS,633
06-05-2023,GERMANY,PHONE,304
07-05-2023,GERMANY,PHONE,192
07-05-2023,UK,PHONE,997
07-05-2023,US,PHONE,517
08-05-2023,GERMANY,TV,810
08-05-2023,GERMANY,TV,886
08-05-2023,INDIA,TV,835
09-05-2023,INDIA,IPHONE,844
09-05-2023,INDIA,TAB,325
10-05-2023,UK,TAB,513
10-05-2023,GERMANY,IPHONE,565
10-05-2023,GERMANY,SPEAKERS,830
11-05-2023,UK,PHONE,314
11-05-2023,US,TAB,848
12-05-2023,UK,TV,216
12-05-2023,INDIA,TV,665
12-05-2023,INDIA,SPEAKERS,627
13-05-2023,US,PHONE,996
14-05-2023,GERMANY,IPHONE,71
14-05-2023,GERMANY,PHONE,161
14-05-2023,INDIA,TAB,456
15-05-2023,UK,SPEAKERS,468
15-05-2023,US,PHONE,542
16-05-2023,US,TAB,627
16-05-2023,INDIA,TAB,892
16-05-2023,UK,SPEAKERS,865
17-05-2023,US,IPHONE,137
17-05-2023,INDIA,TAB,863
18-05-2023,INDIA,TAB,381
19-05-2023,GERMANY,PHONE,697
19-05-2023,INDIA,SPEAKERS,766
20-05-2023,GERMANY,PHONE,287
20-05-2023,INDIA,TV,856
21-05-2023,UK,IPHONE,380
21-05-2023,US,PHONE,969
21-05-2023,UK,TAB,587
21-05-2023,US,IPHONE,565
22-05-2023,US,PHONE,707
22-05-2023,US,TV,611
23-05-2023,INDIA,SPEAKERS,224
23-05-2023,GERMANY,SPEAKERS,98
23-05-2023,GERMANY,TV,181
24-05-2023,US,TV,818
24-05-2023,UK,TAB,404
24-05-2023,UK,IPHONE,147
24-05-2023,INDIA,PHONE,583
24-05-2023,GERMANY,PHONE,42
25-05-2023,INDIA,SPEAKERS,668
25-05-2023,GERMANY,SPEAKERS,907
25-05-2023,GERMANY,IPHONE,92
25-05-2023,UK,TAB,798
26-05-2023,GERMANY,SPEAKERS,816
26-05-2023,GERMANY,SPEAKERS,549
26-05-2023,GERMANY,TV,560
27-05-2023,UK,TAB,111
27-05-2023,INDIA,TAB,684
27-05-2023,GERMANY,IPHONE,171
27-05-2023,UK,SPEAKERS,873
28-05-2023,US,PHONE,15
29-05-2023,UK,IPHONE,399
29-05-2023,US,IPHONE,582
29-05-2023,UK,IPHONE,707
29-05-2023,US,SPEAKERS,627
30-05-2023,GERMANY,SPEAKERS,722
30-05-2023,INDIA,TV,119
30-05-2023,INDIA,TV,951
30-05-2023,US,TV,349
31-05-2023,GERMANY,IPHONE,529
31-05-2023,US,SPEAKERS,410
31-05-2023,UK,PHONE,113
31-05-2023,US,SPEAKERS,274
01-06-2023,UK,IPHONE,586
02-06-2023,GERMANY,IPHONE,129
02-06-2023,GERMANY,PHONE,361
02-06-2023,INDIA,SPEAKERS,535
02-06-2023,UK,TV,406
02-06-2023,US,TAB,717
02-06-2023,US,SPEAKERS,213
03-06-2023,UK,TAB,893
03-06-2023,UK,TV,160
03-06-2023,UK,IPHONE,71
03-06-2023,GERMANY,TV,86
03-06-2023,INDIA,SPEAKERS,995
04-06-2023,UK,TV,620
04-06-2023,GERMANY,TV,244
04-06-2023,GERMANY,TAB,613
05-06-2023,UK,PHONE,849
05-06-2023,US,SPEAKERS,118
05-06-2023,UK,IPHONE,3
05-06-2023,INDIA,PHONE,394
05-06-2023,UK,TAB,742
06-06-2023,GERMANY,TV,549
06-06-2023,US,TAB,78
07-06-2023,GERMANY,SPEAKERS,491
07-06-2023,US,TV,149
07-06-2023,UK,TV,474
08-06-2023,US,IPHONE,373
08-06-2023,GERMANY,TV,206
08-06-2023,US,PHONE,162
08-06-2023,GERMANY,SPEAKERS,822
08-06-2023,US,IPHONE,680
08-06-2023,GERMANY,SPEAKERS,988
09-06-2023,GERMANY,TV,291
09-06-2023,GERMANY,SPEAKERS,949
09-06-2023,INDIA,SPEAKERS,4
10-06-2023,US,TV,363
10-06-2023,GERMANY,TV,736
10-06-2023,GERMANY,TAB,667
10-06-2023,UK,SPEAKERS,221
11-06-2023,US,IPHONE,488
12-06-2023,US,TAB,889
12-06-2023,US,TAB,404
12-06-2023,UK,TAB,920
13-06-2023,GERMANY,PHONE,537
13-06-2023,INDIA,IPHONE,295
13-06-2023,UK,SPEAKERS,543
13-06-2023,UK,TV,5
14-06-2023,INDIA,IPHONE,600
14-06-2023,US,TAB,377
14-06-2023,US,TV,465
15-06-2023,UK,IPHONE,493
15-06-2023,UK,IPHONE,673
15-06-2023,INDIA,SPEAKERS,442
16-06-2023,UK,TAB,814
16-06-2023,UK,TAB,429
16-06-2023,INDIA,PHONE,950
16-06-2023,GERMANY,PHONE,502
16-06-2023,UK,IPHONE,366
16-06-2023,INDIA,TAB,899
17-06-2023,INDIA,TAB,711
17-06-2023,GERMANY,TAB,2257
18-06-2023,INDIA,TAB,540
18-06-2023,INDIA,TAB,834
18-06-2023,INDIA,TV,518
18-06-2023,US,PHONE,180
18-06-2023,INDIA,SPEAKERS,394
19-06-2023,UK,TV,573
19-06-2023,INDIA,TAB,820
19-06-2023,INDIA,TAB,515
20-06-2023,GERMANY,PHONE,836
20-06-2023,INDIA,IPHONE,292
21-06-2023,US,PHONE,275
21-06-2023,GERMANY,IPHONE,635
22-06-2023,US,IPHONE,462
23-06-2023,UK,IPHONE,873
23-06-2023,INDIA,TAB,307
24-06-2023,GERMANY,TV,296
24-06-2023,UK,TAB,549
24-06-2023,US,TAB,635
25-06-2023,GERMANY,TV,148
25-06-2023,US,TAB,206
25-06-2023,US,SPEAKERS,286
25-06-2023,US,SPEAKERS,508
26-06-2023,UK,IPHONE,364
26-06-2023,UK,IPHONE,1239
26-06-2023,US,IPHONE,707
26-06-2023,GERMANY,PHONE,787
27-06-2023,GERMANY,TAB,621
28-06-2023,INDIA,SPEAKERS,923
28-06-2023,GERMANY,TV,48
29-06-2023,INDIA,TAB,686
29-06-2023,INDIA,SPEAKERS,408
29-06-2023,INDIA,TV,954
29-06-2023,UK,PHONE,627
30-06-2023,GERMANY,PHONE,512
30-06-2023,GERMANY,SPEAKERS,648
01-07-2023,GERMANY,SPEAKERS,593
02-07-2023,INDIA,PHONE,105
02-07-2023,UK,SPEAKERS,977
03-07-2023,GERMANY,PHONE,809
03-07-2023,GERMANY,IPHONE,114
04-07-2023,GERMANY,IPHONE,882
04-07-2023,GERMANY,TV,178
04-07-2023,UK,SPEAKERS,81
05-07-2023,US,IPHONE,879
05-07-2023,GERMANY,IPHONE,653
05-07-2023,US,PHONE,526
05-07-2023,GERMANY,IPHONE,309
05-07-2023,GERMANY,PHONE,810
06-07-2023,UK,PHONE,372
06-07-2023,UK,PHONE,761
06-07-2023,GERMANY,TAB,242
07-07-2023,UK,SPEAKERS,700
07-07-2023,INDIA,SPEAKERS,346
07-07-2023,US,TV,1748
07-07-2023,UK,SPEAKERS,756
08-07-2023,US,IPHONE,997
08-07-2023,INDIA,PHONE,336
08-07-2023,US,PHONE,257
08-07-2023,GERMANY,PHONE,227
08-07-2023,INDIA,SPEAKERS,119
08-07-2023,US,TV,997
08-07-2023,UK,TV,596
08-07-2023,GERMANY,TAB,144
09-07-2023,US,TV,496
09-07-2023,US,PHONE,343
09-07-2023,INDIA,TAB,942
10-07-2023,US,PHONE,169
10-07-2023,US,TV,552
10-07-2023,UK,TAB,510
11-07-2023,INDIA,SPEAKERS,629
12-07-2023,INDIA,TV,279
12-07-2023,INDIA,TAB,347
12-07-2023,UK,PHONE,572
12-07-2023,UK,PHONE,534
12-07-2023,UK,IPHONE,387
12-07-2023,US,TV,181
13-07-2023,GERMANY,TV,667
14-07-2023,US,TAB,507
14-07-2023,INDIA,SPEAKERS,31
15-07-2023,INDIA,TV,522
15-07-2023,US,SPEAKERS,914
15-07-2023,US,PHONE,947
16-07-2023,GERMANY,TAB,345
16-07-2023,US,SPEAKERS,693
17-07-2023,US,IPHONE,703
18-07-2023,GERMANY,IPHONE,508
18-07-2023,INDIA,IPHONE,699
18-07-2023,UK,IPHONE,275
18-07-2023,US,IPHONE,15
18-07-2023,UK,SPEAKERS,200
18-07-2023,UK,TV,587
19-07-2023,UK,PHONE,730
19-07-2023,US,SPEAKERS,570
20-07-2023,UK,SPEAKERS,820
20-07-2023,UK,TV,176
21-07-2023,UK,TV,448
21-07-2023,US,SPEAKERS,587
21-07-2023,US,PHONE,178
22-07-2023,GERMANY,PHONE,224
22-07-2023,INDIA,IPHONE,673
22-07-2023,US,TAB,430
22-07-2023,GERMANY,TAB,818
22-07-2023,US,SPEAKERS,761
23-07-2023,GERMANY,PHONE,179
23-07-2023,US,SPEAKERS,558
23-07-2023,INDIA,TAB,178
24-07-2023,INDIA,TAB,658
24-07-2023,GERMANY,SPEAKERS,982
24-07-2023,INDIA,IPHONE,339
25-07-2023,UK,SPEAKERS,659
25-07-2023,INDIA,IPHONE,218
26-07-2023,GERMANY,TV,883
26-07-2023,US,TAB,637
27-07-2023,GERMANY,SPEAKERS,353
27-07-2023,US,IPHONE,842
27-07-2023,US,SPEAKERS,15
27-07-2023,GERMANY,TV,774
27-07-2023,INDIA,TAB,601
27-07-2023,UK,IPHONE,4
27-07-2023,UK,IPHONE,694
28-07-2023,INDIA,IPHONE,474
28-07-2023,GERMANY,SPEAKERS,610
28-07-2023,UK,IPHONE,695
28-07-2023,UK,TV,603
28-07-2023,GERMANY,PHONE,114
29-07-2023,GERMANY,SPEAKERS,179
29-07-2023,US,IPHONE,711
29-07-2023,GERMANY,IPHONE,260
30-07-2023,INDIA,TAB,682
30-07-2023,US,TV,146
31-07-2023,US,TV,345
31-07-2023,GERMANY,IPHONE,137
31-07-2023,INDIA,IPHONE,49
31-07-2023,UK,IPHONE,379
31-07-2023,UK,TV,559
31-07-2023,INDIA,TV,967
01-08-2023,US,TV,482
01-08-2023,US,TV,586
01-08-2023,US,SPEAKERS,93
02-08-2023,INDIA,TV,859
02-08-2023,INDIA,IPHONE,10
03-08-2023,UK,TV,611
03-08-2023,GERMANY,TAB,558
03-08-2023,INDIA,TAB,796
04-08-2023,US,TAB,462
04-08-2023,UK,TV,31
05-08-2023,UK,TAB,391
06-08-2023,UK,SPEAKERS,240
06-08-2023,US,TAB,421
06-08-2023,US,TV,180
07-08-2023,INDIA,SPEAKERS,517
08-08-2023,UK,PHONE,772
08-08-2023,INDIA,TV,469
09-08-2023,GERMANY,TV,864
09-08-2023,US,TV,652
09-08-2023,INDIA,IPHONE,298
10-08-2023,UK,SPEAKERS,985
10-08-2023,INDIA,TAB,632
10-08-2023,US,TAB,913
10-08-2023,UK,PHONE,304
11-08-2023,GERMANY,TV,989
11-08-2023,UK,TAB,947
12-08-2023,US,TAB,758
12-08-2023,US,SPEAKERS,455
13-08-2023,INDIA,PHONE,34
13-08-2023,US,TAB,832
13-08-2023,GERMANY,PHONE,225
14-08-2023,GERMANY,IPHONE,951
15-08-2023,INDIA,TV,351
15-08-2023,US,TV,834
15-08-2023,UK,SPEAKERS,849
15-08-2023,GERMANY,TV,717
17-08-2023,GERMANY,TAB,630
18-08-2023,US,PHONE,492
18-08-2023,UK,TAB,699
19-08-2023,INDIA,IPHONE,442
19-08-2023,UK,TV,282
20-08-2023,UK,SPEAKERS,760
20-08-2023,UK,IPHONE,679
20-08-2023,GERMANY,TAB,239
20-08-2023,INDIA,TAB,394
20-08-2023,INDIA,TV,32
21-08-2023,INDIA,PHONE,250
21-08-2023,UK,TAB,684
21-08-2023,INDIA,SPEAKERS,73
22-08-2023,INDIA,PHONE,747
22-08-2023,US,TAB,505
23-08-2023,US,SPEAKERS,111
23-08-2023,US,TV,440
23-08-2023,GERMANY,TV,279
24-08-2023,US,TV,334
25-08-2023,INDIA,IPHONE,163
26-08-2023,US,TV,982
26-08-2023,GERMANY,TV,847
26-08-2023,UK,TV,908
27-08-2023,US,TV,294
27-08-2023,US,PHONE,752
27-08-2023,UK,TV,880
27-08-2023,UK,SPEAKERS,637
28-08-2023,GERMANY,PHONE,560
28-08-2023,US,PHONE,554
29-08-2023,GERMANY,SPEAKERS,225
29-08-2023,UK,PHONE,217
29-08-2023,US,SPEAKERS,303
30-08-2023,INDIA,TV,173
30-08-2023,UK,TAB,842
31-08-2023,UK,TAB,796
31-08-2023,INDIA,SPEAKERS,422
31-08-2023,GERMANY,PHONE,394
01-09-2023,GERMANY,IPHONE,845
01-09-2023,GERMANY,SPEAKERS,515
01-09-2023,GERMANY,TV,199
01-09-2023,INDIA,IPHONE,433
02-09-2023,GERMANY,TV,9
02-09-2023,UK,PHONE,46
02-09-2023,US,TAB,318
02-09-2023,US,IPHONE,850
02-09-2023,GERMANY,TAB,687
02-09-2023,US,SPEAKERS,100
03-09-2023,US,IPHONE,443
03-09-2023,UK,TV,30
04-09-2023,INDIA,IPHONE,150
05-09-2023,INDIA,TV,288
05-09-2023,US,SPEAKERS,515
05-09-2023,GERMANY,SPEAKERS,804
05-09-2023,GERMANY,TAB,97
05-09-2023,US,TV,410
05-09-2023,US,PHONE,175
06-09-2023,GERMANY,IPHONE,809
07-09-2023,UK,IPHONE,782
07-09-2023,INDIA,SPEAKERS,734
08-09-2023,US,TAB,483
08-09-2023,GERMANY,SPEAKERS,735
09-09-2023,UK,TAB,357
09-09-2023,INDIA,PHONE,191
09-09-2023,GERMANY,IPHONE,215
09-09-2023,INDIA,IPHONE,924
10-09-2023,GERMANY,PHONE,228
10-09-2023,GERMANY,PHONE,282
10-09-2023,UK,TV,815
10-09-2023,GERMANY,TV,426
11-09-2023,US,TV,426
11-09-2023,GERMANY,IPHONE,159
11-09-2023,GERMANY,PHONE,250
13-09-2023,INDIA,PHONE,818
13-09-2023,GERMANY,PHONE,304
14-09-2023,INDIA,SPEAKERS,636
16-09-2023,INDIA,IPHONE,17
16-09-2023,GERMANY,PHONE,663
16-09-2023,UK,TV,590
18-09-2023,GERMANY,IPHONE,310
18-09-2023,GERMANY,SPEAKERS,706
18-09-2023,US,SPEAKERS,442
19-09-2023,GERMANY,IPHONE,555
20-09-2023,GERMANY,TAB,822
20-09-2023,UK,TAB,856
20-09-2023,UK,IPHONE,843
20-09-2023,US,IPHONE,504
20-09-2023,US,IPHONE,475
20-09-2023,GERMANY,SPEAKERS,7
21-09-2023,UK,IPHONE,67
21-09-2023,INDIA,TV,89
21-09-2023,INDIA,SPEAKERS,43
21-09-2023,INDIA,PHONE,915
22-09-2023,US,PHONE,656
23-09-2023,US,TAB,122
23-09-2023,UK,TV,261
23-09-2023,UK,IPHONE,794
23-09-2023,US,IPHONE,905
24-09-2023,INDIA,TV,841
24-09-2023,INDIA,TAB,123
25-09-2023,GERMANY,TAB,675
25-09-2023,US,TAB,531
26-09-2023,UK,TV,100
26-09-2023,UK,IPHONE,96
27-09-2023,US,SPEAKERS,427
27-09-2023,INDIA,SPEAKERS,697
27-09-2023,GERMANY,SPEAKERS,56
27-09-2023,UK,PHONE,176
27-09-2023,UK,PHONE,927
28-09-2023,UK,PHONE,659
28-09-2023,UK,PHONE,820
29-09-2023,UK,TAB,55
29-09-2023,INDIA,TAB,743
29-09-2023,UK,PHONE,763
29-09-2023,INDIA,IPHONE,197
29-09-2023,US,TAB,204
29-09-2023,GERMANY,TAB,844
30-09-2023,INDIA,PHONE,375
30-09-2023,GERMANY,IPHONE,800
30-09-2023,US,PHONE,834
01-10-2023,US,TV,58
02-10-2023,GERMANY,TAB,806
02-10-2023,GERMANY,IPHONE,507
03-10-2023,UK,SPEAKERS,705
04-10-2023,UK,PHONE,89
04-10-2023,GERMANY,TAB,414
04-10-2023,INDIA,SPEAKERS,312
05-10-2023,GERMANY,IPHONE,980
06-10-2023,INDIA,IPHONE,909
06-10-2023,US,TV,897
06-10-2023,UK,PHONE,361
06-10-2023,GERMANY,IPHONE,94
06-10-2023,UK,TAB,992
07-10-2023,UK,SPEAKERS,639
07-10-2023,UK,TAB,616
07-10-2023,US,TV,422
07-10-2023,GERMANY,TV,609
08-10-2023,US,TAB,363
08-10-2023,UK,TAB,220
08-10-2023,UK,SPEAKERS,106
08-10-2023,UK,IPHONE,207
10-10-2023,INDIA,TV,596
10-10-2023,INDIA,PHONE,755
10-10-2023,INDIA,PHONE,810
10-10-2023,US,PHONE,830
12-10-2023,GERMANY,SPEAKERS,244
12-10-2023,INDIA,SPEAKERS,341
13-10-2023,INDIA,IPHONE,915
13-10-2023,GERMANY,SPEAKERS,285
13-10-2023,GERMANY,PHONE,306
14-10-2023,INDIA,PHONE,410
14-10-2023,INDIA,SPEAKERS,626
14-10-2023,UK,IPHONE,240
15-10-2023,INDIA,TV,892
16-10-2023,GERMANY,SPEAKERS,952
16-10-2023,US,TV,368
18-10-2023,US,PHONE,404
18-10-2023,UK,PHONE,441
18-10-2023,US,IPHONE,506
20-10-2023,INDIA,PHONE,744
20-10-2023,UK,TV,342
20-10-2023,INDIA,TV,311
20-10-2023,UK,TV,348
21-10-2023,INDIA,SPEAKERS,446
23-10-2023,GERMANY,IPHONE,763
23-10-2023,US,SPEAKERS,912
23-10-2023,UK,PHONE,450
24-10-2023,GERMANY,TAB,247
24-10-2023,US,TV,992
24-10-2023,US,IPHONE,501
25-10-2023,UK,IPHONE,483
25-10-2023,GERMANY,IPHONE,328
25-10-2023,INDIA,PHONE,424
26-10-2023,INDIA,SPEAKERS,181
26-10-2023,UK,TAB,902
27-10-2023,US,TAB,108
27-10-2023,INDIA,IPHONE,88
27-10-2023,UK,IPHONE,367
27-10-2023,US,IPHONE,601
27-10-2023,INDIA,SPEAKERS,35
28-10-2023,US,SPEAKERS,921
28-10-2023,INDIA,TV,868
28-10-2023,INDIA,TAB,396
28-10-2023,INDIA,TAB,678
28-10-2023,INDIA,TAB,556
28-10-2023,GERMANY,TV,508
29-10-2023,UK,IPHONE,710
29-10-2023,INDIA,SPEAKERS,957
29-10-2023,INDIA,TAB,562
30-10-2023,INDIA,IPHONE,579
30-10-2023,INDIA,TV,381
30-10-2023,GERMANY,IPHONE,119
31-10-2023,GERMANY,SPEAKERS,179
31-10-2023,UK,TV,544
31-10-2023,US,SPEAKERS,704
31-10-2023,UK,TAB,525
31-10-2023,US,TAB,154
31-10-2023,UK,PHONE,468
01-11-2023,INDIA,PHONE,132
01-11-2023,INDIA,SPEAKERS,545
02-11-2023,US,TAB,893
02-11-2023,UK,TAB,6
02-11-2023,US,TV,71
02-11-2023,INDIA,SPEAKERS,238
02-11-2023,US,SPEAKERS,182
03-11-2023,US,IPHONE,513
03-11-2023,INDIA,TV,8
04-11-2023,US,IPHONE,953
06-11-2023,GERMANY,TAB,142
06-11-2023,US,IPHONE,666
06-11-2023,GERMANY,SPEAKERS,495
06-11-2023,GERMANY,TAB,439
07-11-2023,US,TAB,150
07-11-2023,INDIA,PHONE,634
07-11-2023,GERMANY,IPHONE,173
08-11-2023,GERMANY,TV,455
08-11-2023,GERMANY,SPEAKERS,624
08-11-2023,US,TAB,349
09-11-2023,US,IPHONE,289
09-11-2023,INDIA,SPEAKERS,419
09-11-2023,US,IPHONE,477
09-11-2023,US,TAB,643
10-11-2023,GERMANY,TV,536
10-11-2023,GERMANY,TAB,80
10-11-2023,US,IPHONE,620
11-11-2023,UK,SPEAKERS,125
13-11-2023,US,TAB,820
13-11-2023,GERMANY,PHONE,10
13-11-2023,US,SPEAKERS,979
13-11-2023,US,IPHONE,558
14-11-2023,INDIA,TAB,983
14-11-2023,US,TV,360
14-11-2023,US,SPEAKERS,661
15-11-2023,UK,TV,321
16-11-2023,INDIA,PHONE,508
17-11-2023,UK,IPHONE,661
17-11-2023,INDIA,SPEAKERS,730
18-11-2023,UK,SPEAKERS,703
18-11-2023,INDIA,IPHONE,6
18-11-2023,GERMANY,IPHONE,696
19-11-2023,UK,TAB,495
19-11-2023,UK,TV,997
19-11-2023,INDIA,IPHONE,998
19-11-2023,GERMANY,TV,530
20-11-2023,GERMANY,TV,407
20-11-2023,GERMANY,IPHONE,981
20-11-2023,UK,IPHONE,790
21-11-2023,GERMANY,IPHONE,969
21-11-2023,UK,TAB,537
21-11-2023,US,SPEAKERS,778
21-11-2023,INDIA,TV,961
22-11-2023,UK,SPEAKERS,789
22-11-2023,GERMANY,TAB,558
22-11-2023,US,TV,228
22-11-2023,GERMANY,SPEAKERS,445
22-11-2023,UK,SPEAKERS,621
24-11-2023,UK,TV,642
24-11-2023,GERMANY,SPEAKERS,669
25-11-2023,GERMANY,TAB,530
25-11-2023,UK,PHONE,901
26-11-2023,INDIA,TV,635
26-11-2023,US,TAB,326
26-11-2023,UK,SPEAKERS,646
27-11-2023,UK,PHONE,172
27-11-2023,INDIA,PHONE,341
27-11-2023,US,TV,673
27-11-2023,GERMANY,SPEAKERS,369
27-11-2023,UK,TV,146
28-11-2023,US,TAB,686
29-11-2023,US,IPHONE,966
29-11-2023,INDIA,TAB,706
30-11-2023,UK,PHONE,364
30-11-2023,GERMANY,IPHONE,239
