{"EmployeeKey":1,"EmpName":"Guy Gilbert","Contact":"320-555-0195"}
{"EmployeeKey":2,"EmpName":"Kevin Brown","Contact":"150-555-0189"}
{"EmployeeKey":3,"EmpName":"Kevin Smith","Contact":"150-555-0189"}
{"EmployeeKey":4,"EmpName":"Rob Walters","Contact":"612-555-0100"}
{"EmployeeKey":5,"EmpName":"Rob Walters","Contact":"612-555-0100"}
{"EmployeeKey":6,"EmpName":"Thierry D'Hers","Contact":"168-555-0183"}
{"EmployeeKey":7,"EmpName":"David Bradley","Contact":"913-555-0172"}
{"EmployeeKey":8,"EmpName":"David Bradley","Contact":"913-555-0172"}
{"EmployeeKey":9,"EmpName":"JoLynn Dobney","Contact":"903-555-0145"}
{"EmployeeKey":10,"EmpName":"Ruth Ellerbrock","Contact":"145-555-0130"}
