OrderDate|ProductKey|Country|EnglishProductName|SalesAmount|TaxAmt
2023-01-01|221|"France"|"Sport-100 Helmet"|100.50|10.05
2023-01-02|222|"Canada"|"Sport-200 Helmet"|200.50|20.1
2023-01-03|223|"France"|"Sport-300 Helmet"|50|5
2023-01-04|222|"USA"|"Sport-200 Helmet"|10000|100
2023-01-05|225|"UK"|"Sport-100 Helmet"|2500|25
2023-01-06|224|"India"|"Sport-300 Helmet"|100.50|10.05
2023-01-07|226|"Germany"|"Sport-400 Helmet"|100.50|10.05
2023-01-08|221|"Italy"|"Sport-500 Helmet"|2500|25
2023-01-09|222|"France"|"Sport-600 Helmet"|200.50|20.1